row_id,call_id,agent_id,call_start_time,call_end_time,duration,department_id,company_id,call_status,call_outcome
1,CALL_000001,AGT_027,1730846900,1730848220,22.0,4,1,transferred,follow_up
2,CALL_000002,AGT_020,1729371140,1729372220,18.0,1,6,completed,follow_up
3,CALL_000003,AGT_003,1728415640,1728416360,12.0,1,7,transferred,follow_up
4,CALL_000004,AGT_033,1729625420,1729628000,43.0,2,5,transferred,follow_up
5,CALL_000005,AGT_039,1729420580,1729423880,55.0,3,9,completed,resolved
6,CALL_000006,AGT_018,1730829800,1730830940,19.0,2,4,completed,follow_up
7,CALL_000007,AGT_019,1728336740,1728340340,60.0,1,9,transferred,escalated
8,CALL_000008,AGT_025,1730403740,1730407160,57.0,4,7,abandoned,escalated
9,CALL_000009,AGT_044,1730048720,1730049440,12.0,4,7,transferred,follow_up
10,CALL_000010,AGT_028,1728361400,1728364400,50.0,3,10,transferred,follow_up
11,CALL_000011,AGT_040,1729960400,1729961300,15.0,3,2,transferred,escalated
12,CALL_000012,AGT_023,1729452680,1729452920,4.0,4,9,transferred,escalated
13,CALL_000013,AGT_028,1730582840,1730585600,46.0,4,8,completed,resolved
14,CALL_000014,AGT_013,1730600540,1730601800,21.0,1,7,transferred,escalated
15,CALL_000015,AGT_028,1728559040,1728559940,15.0,4,5,abandoned,escalated
16,CALL_000016,AGT_017,1730472980,1730475920,49.0,5,2,completed,follow_up
17,CALL_000017,AGT_017,1729923380,1729925540,36.0,1,5,abandoned,escalated
18,CALL_000018,AGT_010,1729476980,1729479740,46.0,4,9,abandoned,resolved
19,CALL_000019,AGT_007,1728398840,1728399380,9.0,4,2,abandoned,escalated
20,CALL_000020,AGT_004,1730831360,1730831600,4.0,2,1,abandoned,follow_up
21,CALL_000021,AGT_029,1729456160,1729459460,55.0,2,5,completed,follow_up
22,CALL_000022,AGT_026,1729347560,1729348340,13.0,2,7,completed,escalated
23,CALL_000023,AGT_028,1728874460,1728875480,17.0,2,9,abandoned,follow_up
24,CALL_000024,AGT_038,1730068460,1730069480,17.0,2,2,abandoned,resolved
25,CALL_000025,AGT_004,1728396440,1728398900,41.0,3,8,completed,resolved
26,CALL_000026,AGT_011,1729520420,1729520900,8.0,4,2,completed,escalated
27,CALL_000027,AGT_049,1729240100,1729240880,13.0,5,10,completed,escalated
28,CALL_000028,AGT_050,1728392720,1728394880,36.0,1,1,transferred,escalated
29,CALL_000029,AGT_039,1728581600,1728585080,58.0,2,7,transferred,follow_up
30,CALL_000030,AGT_036,1729172000,1729173500,25.0,3,2,transferred,resolved
31,CALL_000031,AGT_001,1729935380,1729936280,15.0,1,6,abandoned,resolved
32,CALL_000032,AGT_021,1729485560,1729485920,6.0,5,3,transferred,follow_up
33,CALL_000033,AGT_033,1729725560,1729728200,44.0,1,4,abandoned,resolved
34,CALL_000034,AGT_010,1730428880,1730430620,29.0,1,8,abandoned,escalated
35,CALL_000035,AGT_017,1730783780,1730785280,25.0,1,5,transferred,escalated
36,CALL_000036,AGT_019,1728351620,1728352880,21.0,2,2,abandoned,escalated
37,CALL_000037,AGT_004,1728773480,1728774560,18.0,3,3,transferred,resolved
38,CALL_000038,AGT_022,1728484520,1728486800,38.0,4,4,transferred,escalated
39,CALL_000039,AGT_011,1728191120,1728192920,30.0,3,2,completed,follow_up
40,CALL_000040,AGT_013,1730618000,1730618360,6.0,4,6,transferred,follow_up
41,CALL_000041,AGT_041,1728698000,1728700400,40.0,2,3,completed,resolved
42,CALL_000042,AGT_007,1729402640,1729403360,12.0,5,2,transferred,follow_up
43,CALL_000043,AGT_029,1729826180,1729827740,26.0,4,2,transferred,follow_up
44,CALL_000044,AGT_032,1730085800,1730087840,34.0,2,1,completed,resolved
45,CALL_000045,AGT_015,1728333740,1728336560,47.0,4,1,completed,escalated
46,CALL_000046,AGT_024,1729692140,1729694540,40.0,1,7,transferred,escalated
47,CALL_000047,AGT_039,1728657320,1728657620,5.0,4,7,abandoned,escalated
48,CALL_000048,AGT_018,1729816220,1729818140,32.0,5,9,completed,resolved
49,CALL_000049,AGT_036,1729129580,1729130120,9.0,4,3,abandoned,follow_up
50,CALL_000050,AGT_016,1729077620,1729080440,47.0,2,8,abandoned,escalated
51,CALL_000051,AGT_031,1730122100,1730124740,44.0,5,9,abandoned,escalated
52,CALL_000052,AGT_040,1729458080,1729460300,37.0,5,2,completed,resolved
53,CALL_000053,AGT_024,1728851180,1728851300,2.0,1,8,abandoned,escalated
54,CALL_000054,AGT_042,1729661540,1729665140,60.0,4,7,completed,resolved
55,CALL_000055,AGT_005,1728769640,1728771140,25.0,3,4,abandoned,follow_up
56,CALL_000056,AGT_026,1729628360,1729628780,7.0,3,9,transferred,resolved
57,CALL_000057,AGT_024,1730854520,1730854760,4.0,1,8,transferred,resolved
58,CALL_000058,AGT_031,1728337520,1728338000,8.0,2,6,completed,resolved
59,CALL_000059,AGT_047,1728192440,1728192800,6.0,4,7,transferred,resolved
60,CALL_000060,AGT_005,1730382980,1730385320,39.0,4,3,transferred,follow_up
61,CALL_000061,AGT_044,1729632440,1729633640,20.0,4,4,abandoned,follow_up
62,CALL_000062,AGT_013,1729137560,1729139060,25.0,3,3,completed,escalated
63,CALL_000063,AGT_031,1728408560,1728410360,30.0,2,3,abandoned,follow_up
64,CALL_000064,AGT_003,1730334860,1730337440,43.0,2,6,abandoned,follow_up
65,CALL_000065,AGT_007,1728621200,1728622040,14.0,2,8,abandoned,escalated
66,CALL_000066,AGT_011,1728989420,1728992240,47.0,4,1,abandoned,follow_up
67,CALL_000067,AGT_007,1730029940,1730033180,54.0,4,9,abandoned,resolved
68,CALL_000068,AGT_009,1729424360,1729424540,3.0,3,9,abandoned,resolved
69,CALL_000069,AGT_039,1730691560,1730693060,25.0,1,5,abandoned,escalated
70,CALL_000070,AGT_017,1728259160,1728261260,35.0,3,5,completed,escalated
71,CALL_000071,AGT_036,1730709860,1730711360,25.0,4,5,transferred,escalated
72,CALL_000072,AGT_015,1729973720,1729975700,33.0,1,5,abandoned,resolved
73,CALL_000073,AGT_027,1728933500,1728935600,35.0,2,10,abandoned,follow_up
74,CALL_000074,AGT_027,1729424720,1729427000,38.0,2,1,abandoned,resolved
75,CALL_000075,AGT_014,1729613000,1729613180,3.0,3,5,abandoned,escalated
76,CALL_000076,AGT_047,1729048040,1729050080,34.0,3,9,abandoned,follow_up
77,CALL_000077,AGT_031,1730400800,1730402420,27.0,4,6,abandoned,follow_up
78,CALL_000078,AGT_023,1729694600,1729697900,55.0,1,2,transferred,resolved
79,CALL_000079,AGT_029,1729341560,1729341860,5.0,3,7,transferred,escalated
80,CALL_000080,AGT_032,1728766340,1728769880,59.0,3,6,abandoned,resolved
81,CALL_000081,AGT_029,1730212400,1730215880,58.0,3,7,transferred,follow_up
82,CALL_000082,AGT_046,1728799940,1728800900,16.0,2,10,completed,resolved
83,CALL_000083,AGT_007,1728751640,1728754340,45.0,5,8,abandoned,resolved
84,CALL_000084,AGT_039,1730355740,1730358500,46.0,4,1,completed,escalated
85,CALL_000085,AGT_050,1729746380,1729748840,41.0,4,8,completed,escalated
86,CALL_000086,AGT_025,1730436800,1730439380,43.0,4,8,abandoned,follow_up
87,CALL_000087,AGT_031,1729433780,1729436780,50.0,5,2,transferred,resolved
88,CALL_000088,AGT_026,1729840460,1729841420,16.0,2,5,completed,resolved
89,CALL_000089,AGT_008,1728784280,1728787220,49.0,5,2,abandoned,resolved
90,CALL_000090,AGT_032,1729900940,1729902980,34.0,2,2,completed,follow_up
91,CALL_000091,AGT_009,1729775480,1729778660,53.0,3,8,completed,follow_up
92,CALL_000092,AGT_041,1728213320,1728215960,44.0,4,3,completed,escalated
93,CALL_000093,AGT_041,1730023160,1730025800,44.0,4,9,completed,escalated
94,CALL_000094,AGT_042,1729598720,1729601300,43.0,4,5,transferred,escalated
95,CALL_000095,AGT_033,1729315340,1729316360,17.0,3,10,completed,resolved
96,CALL_000096,AGT_009,1730706320,1730706440,2.0,5,7,completed,resolved
97,CALL_000097,AGT_009,1730510660,1730513060,40.0,1,1,completed,escalated
98,CALL_000098,AGT_015,1730785100,1730785820,12.0,3,4,transferred,resolved
99,CALL_000099,AGT_043,1729046000,1729047200,20.0,5,4,completed,escalated
100,CALL_000100,AGT_041,1729247780,1729249400,27.0,5,5,completed,follow_up
101,CALL_000101,AGT_039,1730265560,1730268980,57.0,4,8,transferred,escalated
102,CALL_000102,AGT_050,1729389620,1729392620,50.0,3,6,transferred,follow_up
103,CALL_000103,AGT_038,1729575680,1729578200,42.0,1,6,transferred,resolved
104,CALL_000104,AGT_019,1730859500,1730860040,9.0,5,6,completed,escalated
105,CALL_000105,AGT_027,1730183900,1730184680,13.0,5,6,transferred,resolved
106,CALL_000106,AGT_024,1730032940,1730035820,48.0,3,3,transferred,follow_up
107,CALL_000107,AGT_037,1728276080,1728277580,25.0,4,1,completed,follow_up
108,CALL_000108,AGT_036,1729956260,1729959200,49.0,4,4,transferred,follow_up
109,CALL_000109,AGT_008,1729213160,1729214060,15.0,4,2,completed,resolved
110,CALL_000110,AGT_032,1730611880,1730615180,55.0,2,3,abandoned,resolved
111,CALL_000111,AGT_045,1728523340,1728524360,17.0,2,1,transferred,resolved
112,CALL_000112,AGT_027,1728861620,1728862460,14.0,3,8,abandoned,resolved
113,CALL_000113,AGT_044,1730836820,1730838020,20.0,4,3,completed,follow_up
114,CALL_000114,AGT_003,1729903520,1729906460,49.0,5,2,transferred,follow_up
115,CALL_000115,AGT_029,1730745920,1730746160,4.0,3,4,completed,escalated
116,CALL_000116,AGT_029,1729146560,1729148600,34.0,1,7,abandoned,escalated
117,CALL_000117,AGT_020,1729175360,1729176920,26.0,4,9,completed,resolved
118,CALL_000118,AGT_010,1730161040,1730164280,54.0,4,3,transferred,follow_up
119,CALL_000119,AGT_006,1729561580,1729562240,11.0,2,9,transferred,follow_up
120,CALL_000120,AGT_018,1729080620,1729083260,44.0,5,10,abandoned,follow_up
121,CALL_000121,AGT_041,1730058800,1730059400,10.0,4,1,completed,escalated
122,CALL_000122,AGT_032,1729957580,1729958720,19.0,3,1,transferred,escalated
123,CALL_000123,AGT_029,1730267420,1730268560,19.0,3,2,abandoned,follow_up
124,CALL_000124,AGT_003,1728587840,1728591440,60.0,1,10,transferred,follow_up
125,CALL_000125,AGT_019,1730514200,1730514620,7.0,1,3,transferred,follow_up
126,CALL_000126,AGT_032,1729455680,1729455740,1.0,5,2,completed,escalated
127,CALL_000127,AGT_045,1730168960,1730171000,34.0,2,10,transferred,follow_up
128,CALL_000128,AGT_049,1728888380,1728888800,7.0,1,2,completed,follow_up
129,CALL_000129,AGT_035,1728919100,1728919940,14.0,2,8,transferred,resolved
130,CALL_000130,AGT_043,1730245400,1730248940,59.0,2,7,abandoned,resolved
131,CALL_000131,AGT_007,1729215980,1729216340,6.0,5,5,transferred,escalated
132,CALL_000132,AGT_018,1728348740,1728351080,39.0,5,7,completed,follow_up
133,CALL_000133,AGT_029,1729388300,1729390460,36.0,3,4,completed,follow_up
134,CALL_000134,AGT_001,1730330900,1730332940,34.0,1,2,abandoned,resolved
135,CALL_000135,AGT_040,1728625640,1728628160,42.0,1,4,transferred,escalated
136,CALL_000136,AGT_003,1730105720,1730109260,59.0,1,7,transferred,resolved
137,CALL_000137,AGT_048,1728738020,1728740540,42.0,3,7,abandoned,resolved
138,CALL_000138,AGT_005,1728617480,1728621020,59.0,2,1,transferred,resolved
139,CALL_000139,AGT_025,1730137340,1730140580,54.0,3,5,transferred,resolved
140,CALL_000140,AGT_018,1729661960,1729665200,54.0,3,2,completed,follow_up
141,CALL_000141,AGT_009,1728269600,1728270380,13.0,2,3,transferred,follow_up
142,CALL_000142,AGT_005,1730118080,1730121620,59.0,5,9,transferred,resolved
143,CALL_000143,AGT_036,1730703380,1730706320,49.0,4,5,abandoned,escalated
144,CALL_000144,AGT_011,1729931720,1729934960,54.0,4,8,abandoned,escalated
145,CALL_000145,AGT_027,1730162600,1730163860,21.0,3,7,completed,escalated
146,CALL_000146,AGT_019,1730525420,1730527940,42.0,5,3,transferred,escalated
147,CALL_000147,AGT_018,1729231040,1729233920,48.0,4,2,transferred,resolved
148,CALL_000148,AGT_018,1730852480,1730853980,25.0,3,9,transferred,follow_up
149,CALL_000149,AGT_004,1729307780,1729311320,59.0,1,9,completed,escalated
150,CALL_000150,AGT_016,1728751040,1728753800,46.0,4,5,completed,resolved
151,CALL_000151,AGT_003,1729140740,1729140920,3.0,3,9,abandoned,escalated
152,CALL_000152,AGT_015,1729587380,1729589960,43.0,4,4,completed,escalated
153,CALL_000153,AGT_009,1730099720,1730102540,47.0,1,4,transferred,resolved
154,CALL_000154,AGT_024,1728975320,1728975500,3.0,1,4,transferred,follow_up
155,CALL_000155,AGT_036,1728448760,1728451220,41.0,4,7,completed,follow_up
156,CALL_000156,AGT_028,1729476920,1729479080,36.0,4,6,transferred,resolved
157,CALL_000157,AGT_011,1728885200,1728888200,50.0,3,5,transferred,follow_up
158,CALL_000158,AGT_036,1729705820,1729708760,49.0,3,6,completed,resolved
159,CALL_000159,AGT_010,1730532140,1730534480,39.0,4,8,completed,resolved
160,CALL_000160,AGT_048,1728988700,1728989600,15.0,5,10,transferred,resolved
161,CALL_000161,AGT_046,1730550500,1730551700,20.0,4,5,transferred,follow_up
162,CALL_000162,AGT_035,1730688980,1730690060,18.0,3,9,transferred,resolved
163,CALL_000163,AGT_031,1729246760,1729249220,41.0,2,9,abandoned,escalated
164,CALL_000164,AGT_029,1728588020,1728590480,41.0,1,8,abandoned,follow_up
165,CALL_000165,AGT_039,1728649820,1728650000,3.0,5,1,abandoned,follow_up
166,CALL_000166,AGT_023,1730260640,1730263220,43.0,1,1,completed,follow_up
167,CALL_000167,AGT_037,1728653960,1728655160,20.0,5,2,abandoned,follow_up
168,CALL_000168,AGT_028,1728279260,1728281600,39.0,4,6,completed,escalated
169,CALL_000169,AGT_044,1729972760,1729974440,28.0,4,4,completed,follow_up
170,CALL_000170,AGT_023,1730166380,1730167040,11.0,1,7,abandoned,follow_up
171,CALL_000171,AGT_040,1729929920,1729933520,60.0,4,10,abandoned,resolved
172,CALL_000172,AGT_022,1730339180,1730341460,38.0,5,8,abandoned,follow_up
173,CALL_000173,AGT_005,1729149620,1729149860,4.0,5,10,transferred,escalated
174,CALL_000174,AGT_028,1729342040,1729342220,3.0,1,6,abandoned,escalated
175,CALL_000175,AGT_021,1728882980,1728883100,2.0,1,2,transferred,escalated
176,CALL_000176,AGT_044,1729044560,1729045280,12.0,3,6,completed,escalated
177,CALL_000177,AGT_025,1730066000,1730068040,34.0,5,3,transferred,follow_up
178,CALL_000178,AGT_038,1729687940,1729690340,40.0,5,3,abandoned,follow_up
179,CALL_000179,AGT_003,1729379180,1729381520,39.0,1,2,completed,escalated
180,CALL_000180,AGT_013,1728929600,1728932180,43.0,4,1,completed,escalated
181,CALL_000181,AGT_013,1729671200,1729672400,20.0,1,6,completed,follow_up
182,CALL_000182,AGT_003,1729275440,1729278260,47.0,5,2,transferred,escalated
183,CALL_000183,AGT_018,1728320600,1728324080,58.0,5,3,abandoned,resolved
184,CALL_000184,AGT_028,1729622480,1729623800,22.0,3,5,completed,escalated
185,CALL_000185,AGT_032,1730091800,1730093420,27.0,4,10,completed,escalated
186,CALL_000186,AGT_046,1728354440,1728354920,8.0,5,7,completed,resolved
187,CALL_000187,AGT_047,1729977920,1729980980,51.0,4,2,transferred,resolved
188,CALL_000188,AGT_042,1729049300,1729049420,2.0,5,9,transferred,follow_up
189,CALL_000189,AGT_012,1728465200,1728466220,17.0,2,4,abandoned,follow_up
190,CALL_000190,AGT_023,1728883820,1728887120,55.0,3,10,transferred,resolved
191,CALL_000191,AGT_049,1730023340,1730025920,43.0,3,2,completed,resolved
192,CALL_000192,AGT_033,1729111820,1729114280,41.0,3,5,abandoned,follow_up
193,CALL_000193,AGT_015,1728643220,1728644120,15.0,4,8,completed,escalated
194,CALL_000194,AGT_006,1729706660,1729708880,37.0,1,1,completed,resolved
195,CALL_000195,AGT_043,1729100360,1729103180,47.0,3,3,transferred,follow_up
196,CALL_000196,AGT_001,1729353800,1729357040,54.0,5,9,abandoned,escalated
197,CALL_000197,AGT_022,1729748540,1729750760,37.0,2,10,transferred,resolved
198,CALL_000198,AGT_015,1729275200,1729278800,60.0,2,7,transferred,escalated
199,CALL_000199,AGT_030,1728675560,1728677120,26.0,4,3,abandoned,follow_up
200,CALL_000200,AGT_031,1729577840,1729580180,39.0,1,1,completed,resolved
201,CALL_000201,AGT_012,1730285120,1730286920,30.0,4,8,completed,escalated
202,CALL_000202,AGT_037,1729331120,1729333580,41.0,5,2,abandoned,resolved
203,CALL_000203,AGT_042,1728477380,1728478700,22.0,4,8,completed,escalated
204,CALL_000204,AGT_036,1729723340,1729725140,30.0,4,8,abandoned,follow_up
205,CALL_000205,AGT_014,1730185460,1730188160,45.0,5,4,abandoned,follow_up
206,CALL_000206,AGT_017,1729483220,1729483820,10.0,2,4,transferred,resolved
207,CALL_000207,AGT_029,1729467860,1729467920,1.0,1,5,abandoned,escalated
208,CALL_000208,AGT_021,1729662980,1729663040,1.0,4,6,transferred,resolved
209,CALL_000209,AGT_031,1728740240,1728742640,40.0,5,2,completed,resolved
210,CALL_000210,AGT_031,1729525580,1729528460,48.0,4,4,completed,escalated
211,CALL_000211,AGT_001,1730555120,1730556260,19.0,5,6,completed,escalated
212,CALL_000212,AGT_021,1728801320,1728801860,9.0,4,3,completed,escalated
213,CALL_000213,AGT_010,1728739700,1728742940,54.0,3,7,transferred,follow_up
214,CALL_000214,AGT_036,1730676980,1730679020,34.0,5,1,completed,resolved
215,CALL_000215,AGT_035,1730007680,1730008460,13.0,4,3,abandoned,resolved
216,CALL_000216,AGT_019,1728308900,1728309920,17.0,4,9,abandoned,follow_up
217,CALL_000217,AGT_040,1728999380,1729002800,57.0,2,8,abandoned,escalated
218,CALL_000218,AGT_022,1730794760,1730794880,2.0,3,3,transferred,follow_up
219,CALL_000219,AGT_038,1729279340,1729280180,14.0,5,9,completed,follow_up
220,CALL_000220,AGT_036,1728260900,1728263540,44.0,3,5,completed,follow_up
221,CALL_000221,AGT_030,1730628920,1730631440,42.0,5,5,completed,resolved
222,CALL_000222,AGT_013,1728424640,1728427640,50.0,3,6,transferred,follow_up
223,CALL_000223,AGT_004,1728612920,1728613400,8.0,4,5,abandoned,resolved
224,CALL_000224,AGT_050,1729716920,1729719080,36.0,4,5,abandoned,resolved
225,CALL_000225,AGT_030,1728387500,1728389240,29.0,4,8,completed,resolved
226,CALL_000226,AGT_038,1729890140,1729891160,17.0,2,2,abandoned,escalated
227,CALL_000227,AGT_013,1728954020,1728954620,10.0,4,8,abandoned,resolved
228,CALL_000228,AGT_043,1729362440,1729365920,58.0,4,5,transferred,resolved
229,CALL_000229,AGT_043,1728457340,1728458540,20.0,2,10,transferred,escalated
230,CALL_000230,AGT_018,1729350980,1729353260,38.0,5,7,transferred,resolved
231,CALL_000231,AGT_019,1728752180,1728753200,17.0,5,8,transferred,follow_up
232,CALL_000232,AGT_049,1730725100,1730727080,33.0,2,3,completed,follow_up
233,CALL_000233,AGT_013,1729347380,1729348700,22.0,3,8,transferred,resolved
234,CALL_000234,AGT_027,1728698840,1728701840,50.0,1,6,abandoned,escalated
235,CALL_000235,AGT_025,1728338720,1728342200,58.0,4,8,completed,follow_up
236,CALL_000236,AGT_044,1729200680,1729202720,34.0,3,5,abandoned,escalated
237,CALL_000237,AGT_023,1730766320,1730769740,57.0,5,1,abandoned,escalated
238,CALL_000238,AGT_037,1730493260,1730493980,12.0,5,4,abandoned,follow_up
239,CALL_000239,AGT_007,1730471900,1730474720,47.0,1,10,transferred,escalated
240,CALL_000240,AGT_005,1730711660,1730714120,41.0,3,3,transferred,follow_up
241,CALL_000241,AGT_037,1729264100,1729267280,53.0,4,2,completed,escalated
242,CALL_000242,AGT_015,1729143980,1729147100,52.0,5,3,completed,follow_up
243,CALL_000243,AGT_008,1730219660,1730220680,17.0,4,9,transferred,resolved
244,CALL_000244,AGT_050,1729560200,1729560320,2.0,2,6,abandoned,follow_up
245,CALL_000245,AGT_006,1728855740,1728858200,41.0,2,10,completed,follow_up
246,CALL_000246,AGT_037,1729254920,1729258220,55.0,4,5,transferred,follow_up
247,CALL_000247,AGT_039,1730197400,1730198600,20.0,4,1,transferred,follow_up
248,CALL_000248,AGT_016,1729648160,1729651580,57.0,4,8,transferred,escalated
249,CALL_000249,AGT_017,1729005860,1729007300,24.0,4,6,abandoned,resolved
250,CALL_000250,AGT_044,1730516060,1730518700,44.0,4,7,transferred,follow_up
251,CALL_000251,AGT_041,1730292560,1730295980,57.0,4,5,transferred,escalated
252,CALL_000252,AGT_019,1729330340,1729331960,27.0,2,2,transferred,resolved
253,CALL_000253,AGT_034,1730316140,1730316920,13.0,3,8,transferred,resolved
254,CALL_000254,AGT_016,1730148020,1730149580,26.0,1,5,completed,resolved
255,CALL_000255,AGT_041,1729786040,1729787120,18.0,4,2,completed,resolved
256,CALL_000256,AGT_015,1730465180,1730466500,22.0,5,10,transferred,follow_up
257,CALL_000257,AGT_039,1730248280,1730251520,54.0,1,2,abandoned,follow_up
258,CALL_000258,AGT_019,1729299980,1729300640,11.0,5,3,completed,escalated
259,CALL_000259,AGT_002,1728779180,1728782480,55.0,4,4,transferred,escalated
260,CALL_000260,AGT_002,1728532040,1728532460,7.0,4,2,completed,escalated
261,CALL_000261,AGT_007,1728652880,1728653960,18.0,5,2,completed,resolved
262,CALL_000262,AGT_045,1730409500,1730410640,19.0,1,3,abandoned,resolved
263,CALL_000263,AGT_046,1729270280,1729272200,32.0,2,9,transferred,follow_up
264,CALL_000264,AGT_031,1728922040,1728924080,34.0,3,1,transferred,resolved
265,CALL_000265,AGT_048,1729511660,1729511780,2.0,3,3,abandoned,resolved
266,CALL_000266,AGT_035,1729210580,1729211780,20.0,2,5,abandoned,resolved
267,CALL_000267,AGT_042,1728947300,1728947480,3.0,1,3,transferred,escalated
268,CALL_000268,AGT_040,1729794860,1729797620,46.0,4,7,transferred,escalated
269,CALL_000269,AGT_010,1729027640,1729028420,13.0,5,3,abandoned,follow_up
270,CALL_000270,AGT_036,1728490040,1728493580,59.0,2,6,completed,resolved
271,CALL_000271,AGT_025,1730181560,1730183780,37.0,4,6,completed,resolved
272,CALL_000272,AGT_003,1729073780,1729075340,26.0,5,8,abandoned,follow_up
273,CALL_000273,AGT_004,1728680420,1728683120,45.0,5,1,completed,resolved
274,CALL_000274,AGT_003,1729954160,1729955840,28.0,5,9,abandoned,resolved
275,CALL_000275,AGT_023,1730864120,1730865500,23.0,2,3,completed,escalated
276,CALL_000276,AGT_046,1730473880,1730476640,46.0,2,2,completed,follow_up
277,CALL_000277,AGT_048,1730381840,1730383460,27.0,5,8,transferred,follow_up
278,CALL_000278,AGT_041,1730018600,1730018780,3.0,4,10,transferred,follow_up
279,CALL_000279,AGT_005,1730576120,1730576300,3.0,5,8,completed,follow_up
280,CALL_000280,AGT_046,1729617080,1729619180,35.0,4,6,completed,escalated
281,CALL_000281,AGT_003,1728494600,1728494840,4.0,1,5,transferred,escalated
282,CALL_000282,AGT_002,1729304780,1729306100,22.0,3,8,transferred,resolved
283,CALL_000283,AGT_011,1729571300,1729571960,11.0,3,10,transferred,resolved
284,CALL_000284,AGT_041,1728615740,1728616880,19.0,2,1,abandoned,resolved
285,CALL_000285,AGT_040,1728240800,1728242300,25.0,1,6,completed,resolved
286,CALL_000286,AGT_044,1730296940,1730298020,18.0,2,10,transferred,escalated
287,CALL_000287,AGT_027,1730862560,1730863280,12.0,4,9,completed,follow_up
288,CALL_000288,AGT_025,1729327640,1729329980,39.0,4,5,abandoned,escalated
289,CALL_000289,AGT_030,1730242220,1730245160,49.0,5,3,abandoned,resolved
290,CALL_000290,AGT_014,1729244960,1729247240,38.0,4,5,transferred,escalated
291,CALL_000291,AGT_024,1728610160,1728610940,13.0,3,6,abandoned,follow_up
292,CALL_000292,AGT_010,1729217720,1729218560,14.0,2,10,completed,follow_up
293,CALL_000293,AGT_018,1730020700,1730023880,53.0,4,7,transferred,escalated
294,CALL_000294,AGT_049,1728291980,1728295040,51.0,2,3,completed,escalated
295,CALL_000295,AGT_015,1730719520,1730721800,38.0,2,3,completed,escalated
296,CALL_000296,AGT_048,1730184080,1730186720,44.0,5,10,abandoned,resolved
297,CALL_000297,AGT_016,1729466180,1729467140,16.0,3,1,abandoned,escalated
298,CALL_000298,AGT_043,1729470440,1729473680,54.0,2,7,abandoned,escalated
299,CALL_000299,AGT_022,1728567020,1728569360,39.0,5,8,abandoned,escalated
300,CALL_000300,AGT_050,1730749040,1730749580,9.0,3,6,abandoned,follow_up
301,CALL_000301,AGT_026,1729012160,1729014860,45.0,2,5,transferred,follow_up
302,CALL_000302,AGT_032,1728263300,1728265580,38.0,1,1,completed,resolved
303,CALL_000303,AGT_029,1728268520,1728271040,42.0,5,2,completed,resolved
304,CALL_000304,AGT_033,1729476980,1729478120,19.0,5,2,completed,follow_up
305,CALL_000305,AGT_022,1730130680,1730130980,5.0,4,5,completed,follow_up
306,CALL_000306,AGT_029,1728323060,1728325760,45.0,1,8,abandoned,follow_up
307,CALL_000307,AGT_024,1730416700,1730419760,51.0,2,4,completed,escalated
308,CALL_000308,AGT_031,1728999800,1729002620,47.0,5,2,transferred,escalated
309,CALL_000309,AGT_023,1729870940,1729874360,57.0,2,8,transferred,follow_up
310,CALL_000310,AGT_043,1730319560,1730321360,30.0,2,2,completed,escalated
311,CALL_000311,AGT_028,1729937720,1729938020,5.0,1,9,completed,escalated
312,CALL_000312,AGT_046,1729631300,1729634060,46.0,1,8,transferred,resolved
313,CALL_000313,AGT_048,1730089040,1730092220,53.0,5,7,transferred,follow_up
314,CALL_000314,AGT_019,1728670520,1728672800,38.0,1,2,abandoned,follow_up
315,CALL_000315,AGT_003,1730145200,1730147480,38.0,4,9,transferred,escalated
316,CALL_000316,AGT_004,1729098800,1729100060,21.0,1,4,abandoned,follow_up
317,CALL_000317,AGT_017,1728516860,1728520400,59.0,1,10,abandoned,resolved
318,CALL_000318,AGT_029,1728332540,1728334220,28.0,3,8,abandoned,resolved
319,CALL_000319,AGT_044,1728311300,1728313760,41.0,1,5,abandoned,resolved
320,CALL_000320,AGT_001,1730073200,1730075540,39.0,3,1,abandoned,follow_up
321,CALL_000321,AGT_039,1728629060,1728631820,46.0,4,6,completed,follow_up
322,CALL_000322,AGT_042,1729699640,1729701320,28.0,5,8,transferred,follow_up
323,CALL_000323,AGT_001,1728725180,1728727760,43.0,5,6,abandoned,follow_up
324,CALL_000324,AGT_049,1728707480,1728708380,15.0,3,6,transferred,follow_up
325,CALL_000325,AGT_046,1729835960,1729839080,52.0,2,8,transferred,resolved
326,CALL_000326,AGT_008,1728482180,1728482240,1.0,1,3,abandoned,escalated
327,CALL_000327,AGT_034,1730546120,1730549480,56.0,5,4,completed,resolved
328,CALL_000328,AGT_002,1730069660,1730072540,48.0,4,4,abandoned,follow_up
329,CALL_000329,AGT_049,1729937660,1729938560,15.0,4,3,completed,resolved
330,CALL_000330,AGT_002,1730184140,1730186240,35.0,3,1,transferred,follow_up
331,CALL_000331,AGT_037,1728613400,1728617000,60.0,5,3,completed,follow_up
332,CALL_000332,AGT_018,1729864280,1729867820,59.0,3,3,completed,resolved
333,CALL_000333,AGT_043,1728924980,1728928340,56.0,4,6,completed,follow_up
334,CALL_000334,AGT_020,1730141300,1730143220,32.0,3,8,transferred,escalated
335,CALL_000335,AGT_008,1730057600,1730060960,56.0,4,1,transferred,follow_up
336,CALL_000336,AGT_044,1730467520,1730471000,58.0,2,3,completed,escalated
337,CALL_000337,AGT_009,1730301620,1730302700,18.0,3,5,completed,escalated
338,CALL_000338,AGT_004,1728236900,1728239840,49.0,2,8,abandoned,follow_up
339,CALL_000339,AGT_008,1730272280,1730274140,31.0,1,7,completed,resolved
340,CALL_000340,AGT_030,1729113620,1729114940,22.0,1,3,abandoned,escalated
341,CALL_000341,AGT_017,1730303660,1730306540,48.0,5,9,completed,resolved
342,CALL_000342,AGT_017,1728247640,1728248300,11.0,5,10,abandoned,escalated
343,CALL_000343,AGT_025,1730792480,1730793020,9.0,4,2,transferred,follow_up
344,CALL_000344,AGT_012,1729052660,1729053740,18.0,5,8,completed,follow_up
345,CALL_000345,AGT_029,1730353880,1730354180,5.0,1,1,completed,escalated
346,CALL_000346,AGT_013,1728842180,1728843800,27.0,4,3,completed,follow_up
347,CALL_000347,AGT_003,1729708880,1729710620,29.0,5,9,completed,escalated
348,CALL_000348,AGT_003,1728832220,1728835160,49.0,5,6,abandoned,follow_up
349,CALL_000349,AGT_039,1730333000,1730335580,43.0,4,5,completed,resolved
350,CALL_000350,AGT_033,1728502340,1728504620,38.0,5,4,transferred,follow_up
351,CALL_000351,AGT_036,1729370120,1729373120,50.0,4,3,transferred,resolved
352,CALL_000352,AGT_026,1730563100,1730564060,16.0,4,1,completed,follow_up
353,CALL_000353,AGT_015,1730663360,1730664020,11.0,4,10,transferred,resolved
354,CALL_000354,AGT_036,1728552020,1728554060,34.0,5,6,completed,follow_up
355,CALL_000355,AGT_043,1728538820,1728540440,27.0,2,3,completed,resolved
356,CALL_000356,AGT_044,1729471460,1729472480,17.0,4,8,transferred,escalated
357,CALL_000357,AGT_024,1728524840,1728527300,41.0,3,1,completed,escalated
358,CALL_000358,AGT_023,1729900580,1729902380,30.0,5,5,transferred,resolved
359,CALL_000359,AGT_042,1729917860,1729918880,17.0,1,4,abandoned,follow_up
360,CALL_000360,AGT_008,1729788440,1729789820,23.0,2,3,completed,resolved
361,CALL_000361,AGT_046,1730531840,1730533760,32.0,3,5,abandoned,follow_up
362,CALL_000362,AGT_024,1729305320,1729305980,11.0,1,7,transferred,escalated
363,CALL_000363,AGT_013,1730815460,1730818100,44.0,4,1,abandoned,follow_up
364,CALL_000364,AGT_050,1728223400,1728226760,56.0,1,5,abandoned,escalated
365,CALL_000365,AGT_020,1728552800,1728556340,59.0,4,6,transferred,follow_up
366,CALL_000366,AGT_001,1728462560,1728465200,44.0,1,10,abandoned,follow_up
367,CALL_000367,AGT_027,1729903520,1729906820,55.0,4,6,abandoned,follow_up
368,CALL_000368,AGT_009,1728901940,1728903980,34.0,2,3,transferred,resolved
369,CALL_000369,AGT_005,1729190720,1729191680,16.0,2,8,abandoned,resolved
370,CALL_000370,AGT_036,1728480560,1728483560,50.0,4,8,transferred,escalated
371,CALL_000371,AGT_037,1728528680,1728529640,16.0,5,8,abandoned,escalated
372,CALL_000372,AGT_010,1730810540,1730812580,34.0,3,8,transferred,resolved
373,CALL_000373,AGT_004,1729816640,1729819040,40.0,2,9,transferred,escalated
374,CALL_000374,AGT_049,1728881240,1728883880,44.0,1,7,abandoned,resolved
375,CALL_000375,AGT_024,1728752060,1728752120,1.0,2,7,abandoned,follow_up
376,CALL_000376,AGT_022,1728489260,1728489380,2.0,3,6,abandoned,escalated
377,CALL_000377,AGT_007,1730042840,1730044580,29.0,2,6,completed,escalated
378,CALL_000378,AGT_028,1728249740,1728251240,25.0,5,4,completed,resolved
379,CALL_000379,AGT_026,1729536500,1729539380,48.0,2,1,completed,escalated
380,CALL_000380,AGT_029,1730674760,1730677100,39.0,5,1,transferred,escalated
381,CALL_000381,AGT_002,1730350640,1730353940,55.0,1,9,abandoned,follow_up
382,CALL_000382,AGT_048,1729027220,1729028960,29.0,1,5,transferred,escalated
383,CALL_000383,AGT_020,1730721140,1730721560,7.0,3,1,completed,follow_up
384,CALL_000384,AGT_015,1728770960,1728771260,5.0,5,10,abandoned,resolved
385,CALL_000385,AGT_017,1728531620,1728532220,10.0,2,7,transferred,escalated
386,CALL_000386,AGT_007,1728700400,1728703580,53.0,3,3,abandoned,follow_up
387,CALL_000387,AGT_043,1729807220,1729807820,10.0,2,6,transferred,resolved
388,CALL_000388,AGT_048,1730100320,1730100860,9.0,2,10,abandoned,escalated
389,CALL_000389,AGT_004,1729563200,1729563680,8.0,4,4,completed,resolved
390,CALL_000390,AGT_013,1730387360,1730390060,45.0,2,1,completed,escalated
391,CALL_000391,AGT_045,1728360920,1728362660,29.0,3,6,abandoned,resolved
392,CALL_000392,AGT_029,1729304840,1729305920,18.0,3,10,transferred,resolved
393,CALL_000393,AGT_048,1729207940,1729208420,8.0,4,9,completed,follow_up
394,CALL_000394,AGT_027,1730834240,1730836340,35.0,2,1,completed,resolved
395,CALL_000395,AGT_024,1730760860,1730761460,10.0,2,6,completed,escalated
396,CALL_000396,AGT_035,1729307240,1729310180,49.0,2,4,abandoned,escalated
397,CALL_000397,AGT_023,1729917200,1729919060,31.0,5,1,abandoned,follow_up
398,CALL_000398,AGT_037,1730363840,1730364620,13.0,5,5,transferred,escalated
399,CALL_000399,AGT_034,1729048040,1729049180,19.0,3,3,transferred,escalated
400,CALL_000400,AGT_009,1728355100,1728357320,37.0,3,9,transferred,escalated
401,CALL_000401,AGT_028,1728366680,1728367640,16.0,2,7,abandoned,resolved
402,CALL_000402,AGT_006,1730466080,1730468960,48.0,2,2,abandoned,resolved
403,CALL_000403,AGT_021,1730506700,1730508380,28.0,3,7,transferred,escalated
404,CALL_000404,AGT_047,1730686820,1730687900,18.0,1,4,transferred,follow_up
405,CALL_000405,AGT_029,1730355320,1730356460,19.0,2,7,abandoned,resolved
406,CALL_000406,AGT_034,1730384960,1730386340,23.0,1,8,transferred,follow_up
407,CALL_000407,AGT_025,1728721580,1728725180,60.0,2,4,completed,escalated
408,CALL_000408,AGT_009,1728349880,1728350060,3.0,2,7,abandoned,escalated
409,CALL_000409,AGT_026,1728496220,1728496640,7.0,1,8,transferred,resolved
410,CALL_000410,AGT_017,1730834660,1730835080,7.0,1,7,abandoned,escalated
411,CALL_000411,AGT_009,1729930040,1729932680,44.0,2,2,completed,resolved
412,CALL_000412,AGT_032,1729256840,1729259420,43.0,2,3,abandoned,escalated
413,CALL_000413,AGT_029,1730752760,1730754560,30.0,1,3,abandoned,escalated
414,CALL_000414,AGT_034,1728724040,1728727160,52.0,1,9,abandoned,resolved
415,CALL_000415,AGT_043,1730033420,1730034560,19.0,1,5,abandoned,resolved
416,CALL_000416,AGT_034,1730579360,1730581280,32.0,1,1,completed,resolved
417,CALL_000417,AGT_003,1728855200,1728856160,16.0,1,7,abandoned,escalated
418,CALL_000418,AGT_009,1728217400,1728219320,32.0,5,1,abandoned,escalated
419,CALL_000419,AGT_008,1728714380,1728717320,49.0,4,4,transferred,follow_up
420,CALL_000420,AGT_027,1729355780,1729357940,36.0,1,3,abandoned,resolved
421,CALL_000421,AGT_043,1728396800,1728399020,37.0,1,3,transferred,escalated
422,CALL_000422,AGT_035,1729964660,1729964900,4.0,2,2,completed,escalated
423,CALL_000423,AGT_039,1728409340,1728412040,45.0,1,9,completed,resolved
424,CALL_000424,AGT_003,1730537960,1730539400,24.0,1,4,completed,follow_up
425,CALL_000425,AGT_029,1730318480,1730319140,11.0,5,7,completed,resolved
426,CALL_000426,AGT_011,1730800400,1730802500,35.0,4,8,transferred,follow_up
427,CALL_000427,AGT_039,1730237480,1730238560,18.0,5,1,abandoned,escalated
428,CALL_000428,AGT_041,1729030160,1729030520,6.0,5,6,completed,follow_up
429,CALL_000429,AGT_027,1728752900,1728754580,28.0,5,10,abandoned,escalated
430,CALL_000430,AGT_003,1729560620,1729562780,36.0,1,9,transferred,resolved
431,CALL_000431,AGT_003,1729225940,1729226000,1.0,3,5,transferred,resolved
432,CALL_000432,AGT_026,1728317060,1728320660,60.0,2,1,transferred,resolved
433,CALL_000433,AGT_038,1730111060,1730113760,45.0,1,6,completed,follow_up
434,CALL_000434,AGT_034,1730830940,1730834540,60.0,1,1,abandoned,escalated
435,CALL_000435,AGT_003,1728195740,1728196220,8.0,2,8,abandoned,resolved
436,CALL_000436,AGT_031,1728756380,1728758840,41.0,5,1,abandoned,resolved
437,CALL_000437,AGT_024,1730341460,1730343140,28.0,3,1,transferred,escalated
438,CALL_000438,AGT_047,1730458580,1730461220,44.0,5,5,completed,resolved
439,CALL_000439,AGT_029,1728890960,1728893780,47.0,2,10,transferred,escalated
440,CALL_000440,AGT_009,1730322560,1730324240,28.0,2,1,transferred,escalated
441,CALL_000441,AGT_023,1728856400,1728859820,57.0,1,3,abandoned,escalated
442,CALL_000442,AGT_003,1730802260,1730804540,38.0,2,7,transferred,escalated
443,CALL_000443,AGT_042,1730494820,1730497400,43.0,5,1,abandoned,escalated
444,CALL_000444,AGT_049,1728732320,1728733640,22.0,2,7,completed,follow_up
445,CALL_000445,AGT_028,1730342600,1730344160,26.0,4,4,abandoned,resolved
446,CALL_000446,AGT_039,1730238920,1730241620,45.0,5,8,completed,follow_up
447,CALL_000447,AGT_016,1728423560,1728426440,48.0,4,4,abandoned,resolved
448,CALL_000448,AGT_035,1728230660,1728230900,4.0,2,4,transferred,follow_up
449,CALL_000449,AGT_027,1729118960,1729119740,13.0,1,8,transferred,escalated
450,CALL_000450,AGT_001,1729149980,1729152740,46.0,3,8,completed,resolved
451,CALL_000451,AGT_016,1729634600,1729635380,13.0,5,2,completed,resolved
452,CALL_000452,AGT_025,1728867920,1728869480,26.0,2,1,completed,follow_up
453,CALL_000453,AGT_003,1728319040,1728320120,18.0,2,4,abandoned,follow_up
454,CALL_000454,AGT_028,1728471860,1728474920,51.0,2,4,abandoned,resolved
455,CALL_000455,AGT_018,1728778700,1728778760,1.0,1,5,completed,follow_up
456,CALL_000456,AGT_012,1729599080,1729602200,52.0,3,3,transferred,follow_up
457,CALL_000457,AGT_040,1729504700,1729505000,5.0,4,7,abandoned,follow_up
458,CALL_000458,AGT_046,1730451320,1730451920,10.0,2,8,abandoned,escalated
459,CALL_000459,AGT_011,1728200780,1728201260,8.0,4,8,abandoned,escalated
460,CALL_000460,AGT_025,1730120540,1730123060,42.0,3,1,completed,follow_up
461,CALL_000461,AGT_011,1730029700,1730032040,39.0,5,9,completed,follow_up
462,CALL_000462,AGT_025,1730398520,1730399480,16.0,5,5,completed,escalated
463,CALL_000463,AGT_010,1730762720,1730765960,54.0,2,3,completed,escalated
464,CALL_000464,AGT_020,1729766060,1729768160,35.0,4,7,completed,resolved
465,CALL_000465,AGT_029,1728522920,1728523280,6.0,4,2,transferred,resolved
466,CALL_000466,AGT_003,1730379620,1730379920,5.0,5,7,transferred,escalated
467,CALL_000467,AGT_019,1729660880,1729663160,38.0,5,9,completed,follow_up
468,CALL_000468,AGT_009,1728254300,1728255920,27.0,5,1,abandoned,follow_up
469,CALL_000469,AGT_032,1729328660,1729329080,7.0,1,8,completed,follow_up
470,CALL_000470,AGT_020,1729441640,1729442780,19.0,4,1,transferred,follow_up
471,CALL_000471,AGT_029,1729505480,1729508420,49.0,1,1,transferred,resolved
472,CALL_000472,AGT_023,1730735360,1730738360,50.0,1,7,abandoned,escalated
473,CALL_000473,AGT_023,1728809120,1728811280,36.0,2,9,transferred,follow_up
474,CALL_000474,AGT_008,1728687620,1728688940,22.0,1,6,completed,resolved
475,CALL_000475,AGT_005,1728475100,1728477080,33.0,3,7,abandoned,follow_up
476,CALL_000476,AGT_032,1730706440,1730708600,36.0,1,8,completed,escalated
477,CALL_000477,AGT_044,1729552760,1729553000,4.0,1,6,completed,resolved
478,CALL_000478,AGT_018,1729224440,1729224860,7.0,1,8,abandoned,escalated
479,CALL_000479,AGT_014,1729916120,1729916840,12.0,3,6,completed,escalated
480,CALL_000480,AGT_016,1730496320,1730498000,28.0,5,1,transferred,resolved
481,CALL_000481,AGT_035,1728547940,1728550460,42.0,4,9,completed,resolved
482,CALL_000482,AGT_021,1728260240,1728260600,6.0,5,3,abandoned,resolved
483,CALL_000483,AGT_033,1728359660,1728361100,24.0,1,5,abandoned,resolved
484,CALL_000484,AGT_044,1729664660,1729666160,25.0,3,9,abandoned,resolved
485,CALL_000485,AGT_024,1729277900,1729278680,13.0,5,4,completed,resolved
486,CALL_000486,AGT_049,1729602740,1729603760,17.0,2,10,abandoned,resolved
487,CALL_000487,AGT_014,1729796000,1729798280,38.0,2,10,abandoned,follow_up
488,CALL_000488,AGT_047,1730220320,1730222060,29.0,2,3,completed,escalated
489,CALL_000489,AGT_015,1728423620,1728424040,7.0,5,5,transferred,resolved
490,CALL_000490,AGT_011,1730697800,1730698880,18.0,4,5,completed,follow_up
491,CALL_000491,AGT_005,1729614800,1729615820,17.0,3,9,abandoned,follow_up
492,CALL_000492,AGT_041,1730121800,1730124320,42.0,2,10,abandoned,follow_up
493,CALL_000493,AGT_013,1729988240,1729989380,19.0,2,9,completed,escalated
494,CALL_000494,AGT_016,1728746840,1728748220,23.0,2,5,transferred,resolved
495,CALL_000495,AGT_005,1728219140,1728221900,46.0,1,7,abandoned,follow_up
496,CALL_000496,AGT_035,1729214600,1729217060,41.0,2,9,abandoned,escalated
497,CALL_000497,AGT_035,1730761400,1730762360,16.0,2,9,abandoned,escalated
498,CALL_000498,AGT_017,1730531060,1730532140,18.0,3,3,completed,escalated
499,CALL_000499,AGT_050,1730007080,1730010380,55.0,4,5,abandoned,follow_up
500,CALL_000500,AGT_042,1729445780,1729448600,47.0,4,2,transferred,resolved
501,CALL_000501,AGT_019,1729812440,1729813340,15.0,1,9,abandoned,follow_up
502,CALL_000502,AGT_017,1730307680,1730310440,46.0,2,10,abandoned,follow_up
503,CALL_000503,AGT_022,1729803680,1729804340,11.0,3,7,transferred,resolved
504,CALL_000504,AGT_004,1729467860,1729468160,5.0,3,1,abandoned,resolved
505,CALL_000505,AGT_011,1728441620,1728442340,12.0,1,1,completed,resolved
506,CALL_000506,AGT_044,1728990920,1728992840,32.0,3,7,completed,escalated
507,CALL_000507,AGT_049,1729372820,1729376180,56.0,2,8,completed,resolved
508,CALL_000508,AGT_042,1730665580,1730667200,27.0,5,9,transferred,follow_up
509,CALL_000509,AGT_017,1728845720,1728848300,43.0,1,6,abandoned,resolved
510,CALL_000510,AGT_012,1729504460,1729507160,45.0,3,5,completed,follow_up
511,CALL_000511,AGT_011,1729581260,1729581680,7.0,2,10,transferred,escalated
512,CALL_000512,AGT_005,1729458380,1729460480,35.0,3,8,abandoned,follow_up
513,CALL_000513,AGT_008,1730717060,1730717720,11.0,5,8,transferred,follow_up
514,CALL_000514,AGT_021,1730088200,1730090480,38.0,1,6,completed,resolved
515,CALL_000515,AGT_018,1728421460,1728423260,30.0,1,9,completed,resolved
516,CALL_000516,AGT_020,1730783540,1730786720,53.0,3,5,completed,follow_up
517,CALL_000517,AGT_030,1729468640,1729470140,25.0,2,4,transferred,resolved
518,CALL_000518,AGT_016,1729092140,1729094840,45.0,3,10,transferred,escalated
519,CALL_000519,AGT_013,1730039660,1730041220,26.0,3,4,completed,escalated
520,CALL_000520,AGT_037,1729835480,1729837040,26.0,3,7,transferred,resolved
521,CALL_000521,AGT_012,1729153040,1729153880,14.0,4,5,completed,escalated
522,CALL_000522,AGT_020,1729043420,1729046180,46.0,1,9,completed,resolved
523,CALL_000523,AGT_026,1729152020,1729152380,6.0,5,5,abandoned,follow_up
524,CALL_000524,AGT_026,1728384380,1728384560,3.0,3,3,transferred,follow_up
525,CALL_000525,AGT_020,1729529360,1729532960,60.0,4,7,completed,escalated
526,CALL_000526,AGT_045,1729029320,1729032380,51.0,5,6,completed,resolved
527,CALL_000527,AGT_022,1729414760,1729416560,30.0,2,9,transferred,resolved
528,CALL_000528,AGT_005,1729935320,1729937900,43.0,5,8,abandoned,escalated
529,CALL_000529,AGT_012,1729096400,1729097360,16.0,1,2,abandoned,follow_up
530,CALL_000530,AGT_003,1729139240,1729141340,35.0,4,5,completed,escalated
531,CALL_000531,AGT_026,1728324080,1728326360,38.0,1,1,transferred,follow_up
532,CALL_000532,AGT_039,1728558320,1728559640,22.0,5,9,abandoned,resolved
533,CALL_000533,AGT_027,1729290500,1729292960,41.0,4,9,transferred,follow_up
534,CALL_000534,AGT_019,1729115300,1729118540,54.0,1,8,transferred,escalated
535,CALL_000535,AGT_033,1729758680,1729761740,51.0,1,6,completed,resolved
536,CALL_000536,AGT_017,1729953140,1729956020,48.0,4,8,abandoned,escalated
537,CALL_000537,AGT_038,1729947080,1729947620,9.0,3,2,completed,escalated
538,CALL_000538,AGT_048,1730085680,1730087600,32.0,3,9,abandoned,follow_up
539,CALL_000539,AGT_023,1730323760,1730324960,20.0,4,6,abandoned,escalated
540,CALL_000540,AGT_012,1730541620,1730542520,15.0,1,10,abandoned,follow_up
541,CALL_000541,AGT_014,1728478820,1728481520,45.0,3,3,abandoned,resolved
542,CALL_000542,AGT_018,1728344660,1728347960,55.0,1,10,abandoned,follow_up
543,CALL_000543,AGT_002,1730487860,1730490620,46.0,3,9,transferred,resolved
544,CALL_000544,AGT_016,1728585440,1728586460,17.0,2,1,completed,follow_up
545,CALL_000545,AGT_026,1728221000,1728222980,33.0,1,4,transferred,escalated
546,CALL_000546,AGT_012,1729494680,1729496420,29.0,5,7,abandoned,follow_up
547,CALL_000547,AGT_028,1730126840,1730127500,11.0,1,5,completed,follow_up
548,CALL_000548,AGT_012,1729162580,1729165580,50.0,4,3,abandoned,resolved
549,CALL_000549,AGT_001,1729352000,1729352240,4.0,1,5,completed,escalated
550,CALL_000550,AGT_003,1728781100,1728784400,55.0,4,4,transferred,follow_up
551,CALL_000551,AGT_043,1729029740,1729030580,14.0,4,1,completed,escalated
552,CALL_000552,AGT_047,1730315660,1730318600,49.0,1,7,completed,follow_up
553,CALL_000553,AGT_040,1730693000,1730696240,54.0,2,7,completed,follow_up
554,CALL_000554,AGT_004,1728789200,1728790400,20.0,1,6,completed,escalated
555,CALL_000555,AGT_032,1728528740,1728532100,56.0,1,6,completed,follow_up
556,CALL_000556,AGT_043,1730866040,1730868380,39.0,1,10,abandoned,escalated
557,CALL_000557,AGT_028,1728456140,1728458960,47.0,4,7,completed,follow_up
558,CALL_000558,AGT_043,1729339880,1729342940,51.0,3,8,completed,resolved
559,CALL_000559,AGT_002,1730869640,1730871200,26.0,2,9,transferred,escalated
560,CALL_000560,AGT_009,1729476380,1729476740,6.0,5,4,completed,follow_up
561,CALL_000561,AGT_036,1729644920,1729645700,13.0,5,2,transferred,follow_up
562,CALL_000562,AGT_048,1728519860,1728521960,35.0,2,9,abandoned,resolved
563,CALL_000563,AGT_033,1730399120,1730400560,24.0,2,4,completed,escalated
564,CALL_000564,AGT_007,1730022860,1730023640,13.0,2,7,transferred,follow_up
565,CALL_000565,AGT_020,1728791060,1728792440,23.0,1,4,transferred,resolved
566,CALL_000566,AGT_041,1730156900,1730157680,13.0,3,4,abandoned,follow_up
567,CALL_000567,AGT_004,1729558880,1729561400,42.0,5,9,completed,escalated
568,CALL_000568,AGT_040,1728975080,1728978260,53.0,2,6,completed,follow_up
569,CALL_000569,AGT_010,1729944560,1729948100,59.0,5,10,transferred,follow_up
570,CALL_000570,AGT_033,1728234560,1728236300,29.0,3,6,completed,follow_up
571,CALL_000571,AGT_021,1728662540,1728662960,7.0,2,4,transferred,follow_up
572,CALL_000572,AGT_002,1728816320,1728819740,57.0,1,9,completed,resolved
573,CALL_000573,AGT_048,1730312960,1730313320,6.0,1,9,transferred,resolved
574,CALL_000574,AGT_033,1729932200,1729935140,49.0,3,1,completed,escalated
575,CALL_000575,AGT_047,1729204400,1729207940,59.0,5,6,abandoned,resolved
576,CALL_000576,AGT_010,1728487880,1728489740,31.0,3,3,completed,resolved
577,CALL_000577,AGT_020,1728376340,1728378980,44.0,2,10,completed,escalated
578,CALL_000578,AGT_043,1729201100,1729202900,30.0,1,6,abandoned,resolved
579,CALL_000579,AGT_021,1728797960,1728801080,52.0,5,7,completed,resolved
580,CALL_000580,AGT_031,1730514260,1730517140,48.0,5,1,abandoned,escalated
581,CALL_000581,AGT_021,1730380820,1730382860,34.0,2,1,completed,escalated
582,CALL_000582,AGT_038,1729161620,1729162280,11.0,3,1,transferred,escalated
583,CALL_000583,AGT_001,1730153120,1730153780,11.0,1,6,transferred,follow_up
584,CALL_000584,AGT_039,1728529580,1728529940,6.0,4,1,completed,follow_up
585,CALL_000585,AGT_026,1730318180,1730320700,42.0,4,4,completed,escalated
586,CALL_000586,AGT_035,1730263100,1730265620,42.0,3,9,completed,escalated
587,CALL_000587,AGT_008,1728997640,1728999920,38.0,1,7,transferred,escalated
588,CALL_000588,AGT_042,1728685220,1728686480,21.0,3,9,completed,follow_up
589,CALL_000589,AGT_042,1728367880,1728369560,28.0,2,2,transferred,follow_up
590,CALL_000590,AGT_018,1728249740,1728253280,59.0,5,1,abandoned,resolved
591,CALL_000591,AGT_014,1728682160,1728682400,4.0,5,1,transferred,resolved
592,CALL_000592,AGT_020,1729674800,1729675700,15.0,5,9,transferred,escalated
593,CALL_000593,AGT_025,1729724720,1729727720,50.0,4,10,abandoned,follow_up
594,CALL_000594,AGT_039,1729535600,1729536740,19.0,2,8,transferred,follow_up
595,CALL_000595,AGT_048,1729484180,1729485020,14.0,4,3,completed,follow_up
596,CALL_000596,AGT_001,1728479360,1728480620,21.0,4,3,completed,escalated
597,CALL_000597,AGT_039,1728403880,1728405860,33.0,2,10,transferred,resolved
598,CALL_000598,AGT_022,1730367080,1730367200,2.0,1,8,completed,escalated
599,CALL_000599,AGT_041,1730425640,1730427500,31.0,1,5,transferred,resolved
600,CALL_000600,AGT_001,1729956860,1729959740,48.0,1,2,completed,resolved
601,CALL_000601,AGT_008,1729706600,1729709360,46.0,4,2,completed,escalated
602,CALL_000602,AGT_028,1729385540,1729387220,28.0,4,3,transferred,resolved
603,CALL_000603,AGT_023,1728821780,1728825140,56.0,1,7,completed,resolved
604,CALL_000604,AGT_038,1730064080,1730066300,37.0,1,2,transferred,follow_up
605,CALL_000605,AGT_030,1728426740,1728429140,40.0,2,8,completed,resolved
606,CALL_000606,AGT_026,1730861840,1730863460,27.0,4,2,completed,escalated
607,CALL_000607,AGT_024,1729196780,1729199120,39.0,2,9,abandoned,escalated
608,CALL_000608,AGT_021,1730136920,1730140160,54.0,5,8,abandoned,resolved
609,CALL_000609,AGT_009,1729800860,1729802720,31.0,3,1,transferred,follow_up
610,CALL_000610,AGT_017,1729763840,1729767020,53.0,4,8,abandoned,follow_up
611,CALL_000611,AGT_024,1730684240,1730685440,20.0,3,9,transferred,resolved
612,CALL_000612,AGT_025,1730476040,1730477420,23.0,2,2,abandoned,resolved
613,CALL_000613,AGT_005,1728271820,1728274820,50.0,2,2,completed,escalated
614,CALL_000614,AGT_006,1729295480,1729298360,48.0,4,4,transferred,resolved
615,CALL_000615,AGT_009,1729930940,1729932080,19.0,2,9,transferred,follow_up
616,CALL_000616,AGT_028,1730028140,1730031620,58.0,2,10,completed,resolved
617,CALL_000617,AGT_030,1729649300,1729650320,17.0,3,2,transferred,escalated
618,CALL_000618,AGT_017,1730531000,1730534480,58.0,5,10,transferred,escalated
619,CALL_000619,AGT_043,1730775440,1730778020,43.0,5,6,abandoned,escalated
620,CALL_000620,AGT_020,1729748120,1729750940,47.0,2,8,transferred,escalated
621,CALL_000621,AGT_027,1728992720,1728992780,1.0,5,10,completed,escalated
622,CALL_000622,AGT_038,1728567500,1728569300,30.0,3,1,abandoned,resolved
623,CALL_000623,AGT_028,1728848360,1728850160,30.0,5,1,abandoned,resolved
624,CALL_000624,AGT_022,1730693720,1730696120,40.0,4,10,completed,resolved
625,CALL_000625,AGT_003,1728509900,1728511700,30.0,3,6,completed,resolved
626,CALL_000626,AGT_037,1730443700,1730447000,55.0,4,9,abandoned,escalated
627,CALL_000627,AGT_014,1728611780,1728613760,33.0,5,7,transferred,follow_up
628,CALL_000628,AGT_010,1730654540,1730655080,9.0,1,5,abandoned,resolved
629,CALL_000629,AGT_003,1729659680,1729661000,22.0,3,2,completed,follow_up
630,CALL_000630,AGT_039,1728821660,1728824300,44.0,4,8,abandoned,resolved
631,CALL_000631,AGT_013,1728198500,1728198980,8.0,1,6,completed,resolved
632,CALL_000632,AGT_009,1728925940,1728927020,18.0,1,3,abandoned,follow_up
633,CALL_000633,AGT_047,1728975980,1728978440,41.0,4,10,transferred,escalated
634,CALL_000634,AGT_041,1729112840,1729115540,45.0,2,10,abandoned,resolved
635,CALL_000635,AGT_017,1728870740,1728871760,17.0,3,1,abandoned,resolved
636,CALL_000636,AGT_010,1728647300,1728649400,35.0,2,3,completed,resolved
637,CALL_000637,AGT_020,1729254140,1729256600,41.0,1,2,completed,follow_up
638,CALL_000638,AGT_004,1729534700,1729536560,31.0,5,7,completed,escalated
639,CALL_000639,AGT_031,1729821560,1729824080,42.0,4,1,abandoned,follow_up
640,CALL_000640,AGT_042,1729651940,1729654580,44.0,3,10,transferred,follow_up
641,CALL_000641,AGT_030,1728524180,1728525380,20.0,5,3,completed,escalated
642,CALL_000642,AGT_001,1730672840,1730675060,37.0,3,9,completed,follow_up
643,CALL_000643,AGT_007,1729818440,1729821500,51.0,1,5,abandoned,escalated
644,CALL_000644,AGT_010,1728994220,1728997100,48.0,1,3,completed,resolved
645,CALL_000645,AGT_047,1728458480,1728459920,24.0,1,7,transferred,escalated
646,CALL_000646,AGT_016,1729617260,1729619060,30.0,3,4,transferred,resolved
647,CALL_000647,AGT_045,1729397840,1729398320,8.0,4,1,completed,follow_up
648,CALL_000648,AGT_016,1729597520,1729597820,5.0,2,7,completed,follow_up
649,CALL_000649,AGT_015,1729677260,1729679420,36.0,1,5,abandoned,resolved
650,CALL_000650,AGT_010,1729933880,1729934120,4.0,1,8,transferred,follow_up
651,CALL_000651,AGT_025,1728855800,1728858140,39.0,1,4,transferred,escalated
652,CALL_000652,AGT_042,1729090400,1729093640,54.0,4,10,completed,resolved
653,CALL_000653,AGT_014,1729711100,1729713980,48.0,2,6,abandoned,follow_up
654,CALL_000654,AGT_036,1728268220,1728270320,35.0,5,2,transferred,resolved
655,CALL_000655,AGT_041,1730387900,1730389340,24.0,2,1,transferred,escalated
656,CALL_000656,AGT_037,1729733180,1729733300,2.0,4,10,abandoned,escalated
657,CALL_000657,AGT_023,1729390820,1729392380,26.0,2,5,abandoned,follow_up
658,CALL_000658,AGT_015,1730439800,1730440520,12.0,4,10,transferred,escalated
659,CALL_000659,AGT_037,1728806540,1728809480,49.0,3,6,transferred,resolved
660,CALL_000660,AGT_048,1728771620,1728772880,21.0,3,6,abandoned,escalated
661,CALL_000661,AGT_035,1729593860,1729594520,11.0,3,4,transferred,resolved
662,CALL_000662,AGT_028,1728361580,1728362840,21.0,1,7,completed,resolved
663,CALL_000663,AGT_021,1728633500,1728636020,42.0,4,4,completed,escalated
664,CALL_000664,AGT_033,1728271340,1728273080,29.0,4,9,abandoned,follow_up
665,CALL_000665,AGT_033,1729040120,1729041140,17.0,5,3,abandoned,escalated
666,CALL_000666,AGT_036,1729889780,1729891820,34.0,2,3,abandoned,resolved
667,CALL_000667,AGT_050,1730821040,1730821760,12.0,1,8,completed,resolved
668,CALL_000668,AGT_003,1729501160,1729502240,18.0,3,7,transferred,escalated
669,CALL_000669,AGT_042,1730010920,1730011700,13.0,1,5,completed,follow_up
670,CALL_000670,AGT_039,1729499900,1729502300,40.0,2,5,transferred,follow_up
671,CALL_000671,AGT_038,1729334720,1729335800,18.0,3,3,completed,resolved
672,CALL_000672,AGT_018,1728913700,1728915860,36.0,5,7,transferred,resolved
673,CALL_000673,AGT_014,1728361220,1728363680,41.0,1,4,completed,follow_up
674,CALL_000674,AGT_038,1728338780,1728342320,59.0,2,2,abandoned,escalated
675,CALL_000675,AGT_032,1728909320,1728912860,59.0,5,10,completed,resolved
676,CALL_000676,AGT_020,1729006820,1729008800,33.0,3,6,transferred,resolved
677,CALL_000677,AGT_036,1729615640,1729618040,40.0,5,10,completed,follow_up
678,CALL_000678,AGT_023,1728661280,1728664700,57.0,3,3,completed,escalated
679,CALL_000679,AGT_025,1729618160,1729620440,38.0,1,1,completed,follow_up
680,CALL_000680,AGT_025,1730566520,1730566700,3.0,1,5,abandoned,escalated
681,CALL_000681,AGT_031,1728877160,1728880460,55.0,3,7,completed,escalated
682,CALL_000682,AGT_038,1730785580,1730787020,24.0,3,3,abandoned,escalated
683,CALL_000683,AGT_022,1730139980,1730140040,1.0,3,7,abandoned,resolved
684,CALL_000684,AGT_039,1730088080,1730088680,10.0,1,7,completed,follow_up
685,CALL_000685,AGT_002,1730646980,1730648840,31.0,5,10,completed,follow_up
686,CALL_000686,AGT_019,1728580760,1728584060,55.0,5,1,completed,escalated
687,CALL_000687,AGT_043,1729847660,1729851140,58.0,5,2,transferred,resolved
688,CALL_000688,AGT_011,1729871540,1729871780,4.0,5,4,completed,resolved
689,CALL_000689,AGT_003,1729094780,1729095320,9.0,5,8,abandoned,follow_up
690,CALL_000690,AGT_015,1729832480,1729833080,10.0,2,9,completed,resolved
691,CALL_000691,AGT_020,1730162300,1730163920,27.0,4,1,transferred,resolved
692,CALL_000692,AGT_047,1730575940,1730576420,8.0,4,7,completed,escalated
693,CALL_000693,AGT_020,1730384120,1730385560,24.0,5,8,transferred,resolved
694,CALL_000694,AGT_021,1729693400,1729695920,42.0,3,8,transferred,escalated
695,CALL_000695,AGT_022,1730752340,1730755820,58.0,3,5,completed,follow_up
696,CALL_000696,AGT_048,1729734260,1729736600,39.0,3,7,abandoned,resolved
697,CALL_000697,AGT_007,1729672820,1729675580,46.0,4,1,transferred,follow_up
698,CALL_000698,AGT_011,1729481120,1729483100,33.0,1,3,completed,follow_up
699,CALL_000699,AGT_036,1730168300,1730170940,44.0,3,6,completed,resolved
700,CALL_000700,AGT_009,1729675100,1729678100,50.0,3,5,abandoned,resolved
701,CALL_000701,AGT_016,1728294740,1728296060,22.0,5,4,transferred,follow_up
702,CALL_000702,AGT_032,1728483740,1728486560,47.0,4,10,transferred,resolved
703,CALL_000703,AGT_032,1728983360,1728984620,21.0,5,10,completed,escalated
704,CALL_000704,AGT_024,1728491660,1728494060,40.0,4,8,completed,escalated
705,CALL_000705,AGT_025,1730485760,1730488700,49.0,5,3,abandoned,resolved
706,CALL_000706,AGT_016,1729827980,1729831580,60.0,1,9,abandoned,follow_up
707,CALL_000707,AGT_035,1729281260,1729284500,54.0,4,4,transferred,resolved
708,CALL_000708,AGT_050,1729307420,1729310960,59.0,4,9,transferred,resolved
709,CALL_000709,AGT_007,1729130180,1729131020,14.0,1,6,completed,follow_up
710,CALL_000710,AGT_040,1729105580,1729105760,3.0,5,6,transferred,follow_up
711,CALL_000711,AGT_034,1729103120,1729103480,6.0,3,8,abandoned,escalated
712,CALL_000712,AGT_021,1728307220,1728308600,23.0,4,8,abandoned,follow_up
713,CALL_000713,AGT_009,1728353060,1728353240,3.0,1,5,completed,escalated
714,CALL_000714,AGT_035,1730046200,1730047760,26.0,4,3,abandoned,follow_up
715,CALL_000715,AGT_021,1729274540,1729274660,2.0,5,7,abandoned,resolved
716,CALL_000716,AGT_005,1729523960,1729527500,59.0,2,8,abandoned,escalated
717,CALL_000717,AGT_003,1730147900,1730151380,58.0,5,9,abandoned,escalated
718,CALL_000718,AGT_026,1729226120,1729226900,13.0,2,7,completed,escalated
719,CALL_000719,AGT_035,1729340420,1729340540,2.0,3,9,completed,resolved
720,CALL_000720,AGT_025,1729290980,1729292960,33.0,4,3,transferred,resolved
721,CALL_000721,AGT_009,1729871120,1729871900,13.0,4,4,abandoned,resolved
722,CALL_000722,AGT_016,1728285080,1728288500,57.0,1,4,transferred,resolved
723,CALL_000723,AGT_028,1728744440,1728747800,56.0,2,8,completed,resolved
724,CALL_000724,AGT_016,1728510020,1728512060,34.0,5,2,completed,escalated
725,CALL_000725,AGT_034,1730076080,1730077940,31.0,1,4,completed,resolved
726,CALL_000726,AGT_008,1730067800,1730069360,26.0,3,5,completed,escalated
727,CALL_000727,AGT_041,1730082380,1730085020,44.0,5,5,completed,resolved
728,CALL_000728,AGT_022,1728319400,1728320600,20.0,3,4,completed,follow_up
729,CALL_000729,AGT_007,1728867800,1728868760,16.0,4,2,completed,escalated
730,CALL_000730,AGT_040,1730230640,1730231000,6.0,1,3,abandoned,follow_up
731,CALL_000731,AGT_027,1728377360,1728380900,59.0,2,6,transferred,escalated
732,CALL_000732,AGT_036,1730805980,1730806160,3.0,1,2,completed,follow_up
733,CALL_000733,AGT_015,1730722460,1730725820,56.0,5,3,abandoned,resolved
734,CALL_000734,AGT_030,1728384020,1728385280,21.0,3,6,abandoned,resolved
735,CALL_000735,AGT_012,1728367520,1728368540,17.0,3,1,transferred,resolved
736,CALL_000736,AGT_047,1730041340,1730042960,27.0,4,7,completed,escalated
737,CALL_000737,AGT_039,1730729420,1730729600,3.0,2,10,transferred,follow_up
738,CALL_000738,AGT_013,1728473660,1728477020,56.0,3,6,completed,resolved
739,CALL_000739,AGT_031,1730200220,1730202680,41.0,3,3,abandoned,follow_up
740,CALL_000740,AGT_049,1728301880,1728303920,34.0,1,6,abandoned,follow_up
741,CALL_000741,AGT_013,1729388900,1729389800,15.0,2,5,abandoned,resolved
742,CALL_000742,AGT_024,1729156400,1729159160,46.0,1,1,abandoned,resolved
743,CALL_000743,AGT_036,1730806340,1730807960,27.0,1,8,transferred,follow_up
744,CALL_000744,AGT_012,1729421480,1729425020,59.0,3,5,completed,resolved
745,CALL_000745,AGT_046,1729881800,1729882100,5.0,2,4,completed,resolved
746,CALL_000746,AGT_014,1730444240,1730446340,35.0,2,1,transferred,resolved
747,CALL_000747,AGT_006,1729643000,1729646480,58.0,1,9,completed,escalated
748,CALL_000748,AGT_030,1729050020,1729053440,57.0,3,1,abandoned,follow_up
749,CALL_000749,AGT_028,1730394020,1730397200,53.0,3,5,completed,follow_up
750,CALL_000750,AGT_011,1729385840,1729389140,55.0,1,2,abandoned,escalated
751,CALL_000751,AGT_025,1728615500,1728616160,11.0,1,6,transferred,follow_up
752,CALL_000752,AGT_025,1730237480,1730239640,36.0,4,10,completed,resolved
753,CALL_000753,AGT_019,1728295760,1728296540,13.0,2,8,transferred,follow_up
754,CALL_000754,AGT_038,1729482680,1729483700,17.0,4,9,completed,resolved
755,CALL_000755,AGT_032,1730411420,1730412800,23.0,5,3,abandoned,escalated
756,CALL_000756,AGT_016,1730409200,1730412260,51.0,5,5,transferred,resolved
757,CALL_000757,AGT_002,1730658380,1730658500,2.0,2,6,completed,follow_up
758,CALL_000758,AGT_040,1728643760,1728647180,57.0,1,4,abandoned,follow_up
759,CALL_000759,AGT_010,1729289720,1729292660,49.0,5,2,transferred,follow_up
760,CALL_000760,AGT_002,1729106180,1729109300,52.0,5,7,transferred,escalated
761,CALL_000761,AGT_028,1728768200,1728769100,15.0,4,10,completed,escalated
762,CALL_000762,AGT_007,1729938320,1729939160,14.0,1,3,completed,follow_up
763,CALL_000763,AGT_012,1730077640,1730080880,54.0,3,10,completed,resolved
764,CALL_000764,AGT_040,1729751300,1729753880,43.0,2,4,abandoned,escalated
765,CALL_000765,AGT_007,1730869760,1730872640,48.0,5,9,completed,follow_up
766,CALL_000766,AGT_044,1728395120,1728395600,8.0,1,5,transferred,follow_up
767,CALL_000767,AGT_001,1729011140,1729012820,28.0,2,3,transferred,escalated
768,CALL_000768,AGT_015,1730577140,1730577620,8.0,5,6,completed,escalated
769,CALL_000769,AGT_005,1728724820,1728727160,39.0,5,7,completed,escalated
770,CALL_000770,AGT_024,1729917620,1729919240,27.0,4,5,transferred,resolved
771,CALL_000771,AGT_035,1730171720,1730174240,42.0,3,1,abandoned,resolved
772,CALL_000772,AGT_050,1730676320,1730678900,43.0,3,7,completed,follow_up
773,CALL_000773,AGT_024,1729985420,1729987280,31.0,5,10,completed,escalated
774,CALL_000774,AGT_050,1729994120,1729996220,35.0,1,2,transferred,resolved
775,CALL_000775,AGT_012,1730170040,1730171420,23.0,4,6,completed,escalated
776,CALL_000776,AGT_041,1729840160,1729841660,25.0,4,4,abandoned,follow_up
777,CALL_000777,AGT_046,1730506460,1730507480,17.0,5,3,transferred,resolved
778,CALL_000778,AGT_048,1728816980,1728819200,37.0,3,6,completed,resolved
779,CALL_000779,AGT_029,1728424280,1728425720,24.0,3,9,transferred,resolved
780,CALL_000780,AGT_016,1729738640,1729739180,9.0,5,3,completed,follow_up
781,CALL_000781,AGT_046,1730310380,1730313800,57.0,1,2,completed,escalated
782,CALL_000782,AGT_048,1728314300,1728314960,11.0,1,2,completed,resolved
783,CALL_000783,AGT_026,1730809400,1730811380,33.0,3,9,abandoned,follow_up
784,CALL_000784,AGT_004,1730430260,1730432120,31.0,3,4,abandoned,escalated
785,CALL_000785,AGT_045,1728655220,1728657800,43.0,5,2,transferred,follow_up
786,CALL_000786,AGT_005,1729529600,1729532720,52.0,2,6,completed,escalated
787,CALL_000787,AGT_014,1729899020,1729901300,38.0,2,3,completed,follow_up
788,CALL_000788,AGT_047,1729536200,1729539500,55.0,2,6,abandoned,escalated
789,CALL_000789,AGT_001,1730500760,1730501420,11.0,3,7,completed,resolved
790,CALL_000790,AGT_050,1729889960,1729891820,31.0,2,10,abandoned,escalated
791,CALL_000791,AGT_006,1730320580,1730324180,60.0,1,8,completed,follow_up
792,CALL_000792,AGT_027,1730321480,1730323280,30.0,2,5,transferred,follow_up
793,CALL_000793,AGT_044,1730158820,1730159780,16.0,2,2,completed,escalated
794,CALL_000794,AGT_039,1730330120,1730330720,10.0,2,1,completed,resolved
795,CALL_000795,AGT_010,1729008800,1729009340,9.0,3,4,abandoned,resolved
796,CALL_000796,AGT_006,1728383120,1728385700,43.0,2,9,completed,escalated
797,CALL_000797,AGT_010,1729481240,1729482320,18.0,2,4,completed,escalated
798,CALL_000798,AGT_039,1730329580,1730330180,10.0,3,6,abandoned,follow_up
799,CALL_000799,AGT_009,1730331680,1730333420,29.0,3,8,transferred,resolved
800,CALL_000800,AGT_029,1729812980,1729814720,29.0,2,5,transferred,escalated
801,CALL_000801,AGT_043,1730298020,1730299520,25.0,4,8,abandoned,resolved
802,CALL_000802,AGT_026,1729590440,1729593440,50.0,4,10,abandoned,escalated
803,CALL_000803,AGT_022,1730700800,1730701400,10.0,2,3,abandoned,escalated
804,CALL_000804,AGT_049,1729120400,1729122800,40.0,3,2,abandoned,resolved
805,CALL_000805,AGT_015,1728260000,1728260300,5.0,1,6,abandoned,escalated
806,CALL_000806,AGT_044,1730331380,1730332760,23.0,4,2,transferred,escalated
807,CALL_000807,AGT_019,1729887860,1729888460,10.0,1,4,transferred,follow_up
808,CALL_000808,AGT_036,1729429940,1729432580,44.0,4,3,abandoned,escalated
809,CALL_000809,AGT_045,1730694680,1730695640,16.0,1,8,completed,escalated
810,CALL_000810,AGT_044,1729093820,1729095260,24.0,3,4,abandoned,escalated
811,CALL_000811,AGT_023,1729890560,1729892180,27.0,5,8,completed,follow_up
812,CALL_000812,AGT_048,1729232960,1729233320,6.0,2,8,abandoned,resolved
813,CALL_000813,AGT_035,1729526780,1729530080,55.0,2,9,abandoned,follow_up
814,CALL_000814,AGT_013,1728853460,1728854300,14.0,2,8,transferred,follow_up
815,CALL_000815,AGT_030,1730697800,1730699120,22.0,4,3,completed,resolved
816,CALL_000816,AGT_019,1730754680,1730756360,28.0,5,10,completed,follow_up
817,CALL_000817,AGT_027,1728919940,1728923420,58.0,3,1,transferred,resolved
818,CALL_000818,AGT_006,1729773380,1729773980,10.0,3,5,transferred,follow_up
819,CALL_000819,AGT_010,1729170860,1729174340,58.0,5,5,transferred,resolved
820,CALL_000820,AGT_030,1728266360,1728268940,43.0,1,7,transferred,escalated
821,CALL_000821,AGT_048,1728631700,1728632600,15.0,1,4,completed,follow_up
822,CALL_000822,AGT_002,1730049560,1730051240,28.0,2,7,completed,follow_up
823,CALL_000823,AGT_017,1729066040,1729067600,26.0,1,4,abandoned,follow_up
824,CALL_000824,AGT_026,1729878980,1729882340,56.0,2,10,abandoned,follow_up
825,CALL_000825,AGT_005,1729656920,1729657940,17.0,1,4,transferred,escalated
826,CALL_000826,AGT_034,1728675140,1728678500,56.0,1,4,transferred,follow_up
827,CALL_000827,AGT_021,1729383860,1729387340,58.0,1,9,transferred,escalated
828,CALL_000828,AGT_049,1728512540,1728515540,50.0,4,9,abandoned,escalated
829,CALL_000829,AGT_033,1728442100,1728443600,25.0,4,2,abandoned,escalated
830,CALL_000830,AGT_005,1728677900,1728680660,46.0,1,9,abandoned,escalated
831,CALL_000831,AGT_016,1728876980,1728877040,1.0,1,3,abandoned,resolved
832,CALL_000832,AGT_050,1730594720,1730595680,16.0,4,2,abandoned,resolved
833,CALL_000833,AGT_021,1729666520,1729669040,42.0,4,10,abandoned,follow_up
834,CALL_000834,AGT_005,1730240360,1730241200,14.0,1,7,abandoned,resolved
835,CALL_000835,AGT_030,1728624440,1728624860,7.0,3,4,transferred,resolved
836,CALL_000836,AGT_049,1729517120,1729519580,41.0,4,3,transferred,follow_up
837,CALL_000837,AGT_009,1728678560,1728678980,7.0,4,2,transferred,follow_up
838,CALL_000838,AGT_028,1728433820,1728434660,14.0,2,1,transferred,follow_up
839,CALL_000839,AGT_033,1729477820,1729478120,5.0,4,10,abandoned,resolved
840,CALL_000840,AGT_036,1730190200,1730193440,54.0,4,6,completed,resolved
841,CALL_000841,AGT_003,1728730520,1728732980,41.0,1,2,abandoned,follow_up
842,CALL_000842,AGT_027,1728984020,1728984920,15.0,3,2,completed,escalated
843,CALL_000843,AGT_021,1730142200,1730143460,21.0,4,2,transferred,follow_up
844,CALL_000844,AGT_023,1730002820,1730003780,16.0,5,5,abandoned,escalated
845,CALL_000845,AGT_034,1730591660,1730592020,6.0,1,10,transferred,escalated
846,CALL_000846,AGT_035,1730195720,1730198660,49.0,3,6,abandoned,follow_up
847,CALL_000847,AGT_049,1729734860,1729737380,42.0,5,5,transferred,follow_up
848,CALL_000848,AGT_027,1730204360,1730207480,52.0,4,3,completed,follow_up
849,CALL_000849,AGT_018,1729642880,1729645700,47.0,3,6,completed,resolved
850,CALL_000850,AGT_010,1729393220,1729394360,19.0,1,4,completed,escalated
851,CALL_000851,AGT_039,1729993400,1729994300,15.0,4,2,abandoned,resolved
852,CALL_000852,AGT_007,1729778960,1729782200,54.0,5,3,completed,resolved
853,CALL_000853,AGT_037,1728849260,1728850220,16.0,3,2,abandoned,follow_up
854,CALL_000854,AGT_037,1729764800,1729766780,33.0,1,8,completed,resolved
855,CALL_000855,AGT_009,1728476000,1728476840,14.0,3,10,completed,follow_up
856,CALL_000856,AGT_039,1729632020,1729633520,25.0,1,9,abandoned,escalated
857,CALL_000857,AGT_013,1729346900,1729348520,27.0,5,5,abandoned,follow_up
858,CALL_000858,AGT_006,1730576480,1730578520,34.0,2,5,completed,resolved
859,CALL_000859,AGT_022,1729125320,1729128800,58.0,2,2,abandoned,resolved
860,CALL_000860,AGT_027,1730782820,1730785880,51.0,3,1,completed,follow_up
861,CALL_000861,AGT_018,1730456240,1730457440,20.0,3,4,abandoned,follow_up
862,CALL_000862,AGT_045,1730491340,1730491520,3.0,1,2,transferred,resolved
863,CALL_000863,AGT_004,1728933020,1728935300,38.0,2,5,transferred,escalated
864,CALL_000864,AGT_007,1729165520,1729168520,50.0,4,3,transferred,escalated
865,CALL_000865,AGT_011,1730491820,1730493860,34.0,2,7,transferred,follow_up
866,CALL_000866,AGT_034,1730635760,1730639060,55.0,5,1,transferred,escalated
867,CALL_000867,AGT_023,1729226360,1729227020,11.0,3,2,completed,resolved
868,CALL_000868,AGT_033,1729064420,1729066040,27.0,4,1,transferred,follow_up
869,CALL_000869,AGT_023,1730693960,1730695700,29.0,3,6,transferred,resolved
870,CALL_000870,AGT_028,1730781980,1730783240,21.0,5,7,transferred,resolved
871,CALL_000871,AGT_004,1728453680,1728456260,43.0,2,7,transferred,escalated
872,CALL_000872,AGT_021,1728202160,1728204920,46.0,3,6,abandoned,follow_up
873,CALL_000873,AGT_044,1728512180,1728515600,57.0,3,4,completed,follow_up
874,CALL_000874,AGT_033,1729202720,1729203200,8.0,4,7,transferred,escalated
875,CALL_000875,AGT_039,1729311080,1729311440,6.0,3,9,transferred,resolved
876,CALL_000876,AGT_008,1730019320,1730020220,15.0,4,8,transferred,resolved
877,CALL_000877,AGT_005,1730598740,1730599700,16.0,2,4,completed,resolved
878,CALL_000878,AGT_047,1729810700,1729810880,3.0,5,5,abandoned,resolved
879,CALL_000879,AGT_008,1728724040,1728725300,21.0,5,8,completed,follow_up
880,CALL_000880,AGT_050,1730730680,1730732720,34.0,4,5,abandoned,follow_up
881,CALL_000881,AGT_023,1728513380,1728515060,28.0,5,10,transferred,escalated
882,CALL_000882,AGT_023,1728994220,1728995420,20.0,1,2,transferred,escalated
883,CALL_000883,AGT_032,1730322980,1730323820,14.0,3,3,completed,follow_up
884,CALL_000884,AGT_012,1728324140,1728325520,23.0,1,3,completed,follow_up
885,CALL_000885,AGT_021,1729432460,1729433840,23.0,4,6,abandoned,resolved
886,CALL_000886,AGT_021,1729633400,1729635620,37.0,1,5,abandoned,resolved
887,CALL_000887,AGT_029,1729182560,1729185020,41.0,5,8,completed,escalated
888,CALL_000888,AGT_037,1730437040,1730438780,29.0,4,8,abandoned,follow_up
889,CALL_000889,AGT_046,1729224980,1729225520,9.0,5,6,completed,escalated
890,CALL_000890,AGT_034,1729473260,1729473380,2.0,5,9,abandoned,follow_up
891,CALL_000891,AGT_003,1729858340,1729861220,48.0,5,2,completed,resolved
892,CALL_000892,AGT_011,1730681420,1730682560,19.0,4,3,completed,escalated
893,CALL_000893,AGT_027,1728851840,1728854720,48.0,5,8,completed,escalated
894,CALL_000894,AGT_040,1728783920,1728784820,15.0,4,8,abandoned,follow_up
895,CALL_000895,AGT_039,1729927880,1729930700,47.0,1,3,abandoned,resolved
896,CALL_000896,AGT_005,1729156640,1729157360,12.0,5,9,abandoned,escalated
897,CALL_000897,AGT_020,1730524520,1730525420,15.0,1,6,completed,resolved
898,CALL_000898,AGT_041,1729623380,1729623980,10.0,1,8,abandoned,escalated
899,CALL_000899,AGT_046,1729677200,1729680560,56.0,2,8,abandoned,resolved
900,CALL_000900,AGT_046,1729680560,1729680980,7.0,1,4,completed,follow_up
901,CALL_000901,AGT_026,1729021220,1729021640,7.0,3,9,transferred,escalated
902,CALL_000902,AGT_011,1730520860,1730524460,60.0,4,10,completed,escalated
903,CALL_000903,AGT_024,1729744520,1729744880,6.0,2,8,abandoned,resolved
904,CALL_000904,AGT_048,1729372700,1729373000,5.0,5,1,completed,resolved
905,CALL_000905,AGT_016,1729250240,1729253240,50.0,3,10,transferred,escalated
906,CALL_000906,AGT_010,1728923480,1728924440,16.0,2,5,completed,follow_up
907,CALL_000907,AGT_008,1729452800,1729454660,31.0,4,2,abandoned,resolved
908,CALL_000908,AGT_031,1730142140,1730145740,60.0,5,8,transferred,resolved
909,CALL_000909,AGT_014,1730740040,1730742620,43.0,3,1,abandoned,resolved
910,CALL_000910,AGT_024,1728914180,1728915380,20.0,4,8,transferred,escalated
911,CALL_000911,AGT_002,1730712320,1730713040,12.0,5,10,transferred,escalated
912,CALL_000912,AGT_038,1730447120,1730447300,3.0,2,4,completed,escalated
913,CALL_000913,AGT_031,1728805460,1728808700,54.0,1,7,completed,escalated
914,CALL_000914,AGT_007,1729916360,1729918760,40.0,5,3,abandoned,follow_up
915,CALL_000915,AGT_008,1729490660,1729493900,54.0,3,5,completed,follow_up
916,CALL_000916,AGT_003,1729255340,1729257260,32.0,2,3,completed,escalated
917,CALL_000917,AGT_004,1729873100,1729873820,12.0,5,5,transferred,follow_up
918,CALL_000918,AGT_043,1728996260,1728999200,49.0,2,3,completed,resolved
919,CALL_000919,AGT_003,1728555620,1728559160,59.0,4,1,transferred,resolved
920,CALL_000920,AGT_035,1728339140,1728341960,47.0,3,10,transferred,resolved
921,CALL_000921,AGT_018,1729240340,1729243760,57.0,5,5,transferred,escalated
922,CALL_000922,AGT_035,1730160500,1730163800,55.0,1,1,abandoned,resolved
923,CALL_000923,AGT_016,1730108180,1730109500,22.0,2,5,abandoned,follow_up
924,CALL_000924,AGT_044,1728827780,1728830600,47.0,1,1,abandoned,escalated
925,CALL_000925,AGT_031,1729628660,1729629320,11.0,3,9,transferred,follow_up
926,CALL_000926,AGT_002,1728436340,1728438200,31.0,3,5,abandoned,resolved
927,CALL_000927,AGT_029,1730807000,1730808320,22.0,1,9,abandoned,resolved
928,CALL_000928,AGT_024,1728740060,1728743600,59.0,2,1,completed,resolved
929,CALL_000929,AGT_001,1730592860,1730594780,32.0,4,3,abandoned,escalated
930,CALL_000930,AGT_005,1729886480,1729889180,45.0,3,6,abandoned,follow_up
931,CALL_000931,AGT_016,1730056100,1730057840,29.0,2,6,transferred,escalated
932,CALL_000932,AGT_050,1730223920,1730226080,36.0,2,6,transferred,escalated
933,CALL_000933,AGT_036,1729644260,1729644860,10.0,2,5,transferred,resolved
934,CALL_000934,AGT_038,1729953500,1729955480,33.0,4,8,transferred,escalated
935,CALL_000935,AGT_041,1730379440,1730382080,44.0,2,10,transferred,escalated
936,CALL_000936,AGT_050,1729161380,1729164080,45.0,3,2,transferred,resolved
937,CALL_000937,AGT_003,1728205760,1728207140,23.0,4,9,abandoned,escalated
938,CALL_000938,AGT_041,1729060460,1729062680,37.0,4,4,transferred,resolved
939,CALL_000939,AGT_032,1730508560,1730510240,28.0,3,2,transferred,resolved
940,CALL_000940,AGT_043,1728401060,1728401720,11.0,1,3,completed,resolved
941,CALL_000941,AGT_021,1728861680,1728865040,56.0,5,5,abandoned,resolved
942,CALL_000942,AGT_024,1728635360,1728636740,23.0,3,8,abandoned,escalated
943,CALL_000943,AGT_022,1729034480,1729035800,22.0,5,10,abandoned,resolved
944,CALL_000944,AGT_038,1729504760,1729505480,12.0,5,3,transferred,resolved
945,CALL_000945,AGT_002,1728766880,1728767840,16.0,4,4,transferred,escalated
946,CALL_000946,AGT_016,1728688580,1728691940,56.0,4,5,transferred,escalated
947,CALL_000947,AGT_022,1728762380,1728765980,60.0,4,5,completed,follow_up
948,CALL_000948,AGT_015,1728700220,1728702320,35.0,2,5,transferred,escalated
949,CALL_000949,AGT_013,1730002520,1730005400,48.0,2,10,completed,escalated
950,CALL_000950,AGT_020,1729316420,1729319300,48.0,3,4,abandoned,follow_up
951,CALL_000951,AGT_024,1729747280,1729748540,21.0,4,6,transferred,escalated
952,CALL_000952,AGT_031,1728692480,1728694220,29.0,1,6,completed,escalated
953,CALL_000953,AGT_013,1728675740,1728676160,7.0,4,5,completed,escalated
954,CALL_000954,AGT_030,1729734560,1729734920,6.0,2,10,transferred,escalated
955,CALL_000955,AGT_038,1729529660,1729529900,4.0,2,2,abandoned,follow_up
956,CALL_000956,AGT_027,1728675860,1728676100,4.0,5,10,abandoned,escalated
957,CALL_000957,AGT_034,1729892600,1729895240,44.0,4,1,abandoned,escalated
958,CALL_000958,AGT_004,1729220180,1729222460,38.0,1,2,completed,follow_up
959,CALL_000959,AGT_031,1728553880,1728555260,23.0,2,10,completed,resolved
960,CALL_000960,AGT_044,1729738460,1729739300,14.0,1,7,completed,follow_up
961,CALL_000961,AGT_021,1730164880,1730167040,36.0,5,5,completed,resolved
962,CALL_000962,AGT_034,1730045960,1730047640,28.0,5,6,abandoned,follow_up
963,CALL_000963,AGT_023,1730666840,1730669120,38.0,4,6,transferred,follow_up
964,CALL_000964,AGT_048,1729531580,1729535180,60.0,4,2,completed,escalated
965,CALL_000965,AGT_027,1730671940,1730673320,23.0,4,3,completed,resolved
966,CALL_000966,AGT_027,1728275420,1728276560,19.0,2,5,abandoned,escalated
967,CALL_000967,AGT_021,1730504180,1730505020,14.0,4,8,transferred,resolved
968,CALL_000968,AGT_029,1728803180,1728805220,34.0,5,5,transferred,follow_up
969,CALL_000969,AGT_018,1729461740,1729465040,55.0,3,1,abandoned,follow_up
970,CALL_000970,AGT_017,1730056640,1730057900,21.0,1,8,abandoned,resolved
971,CALL_000971,AGT_011,1728961220,1728961400,3.0,1,4,transferred,escalated
972,CALL_000972,AGT_025,1729851320,1729851500,3.0,3,10,completed,escalated
973,CALL_000973,AGT_038,1729788980,1729789040,1.0,5,4,transferred,escalated
974,CALL_000974,AGT_002,1730023760,1730026400,44.0,4,6,abandoned,escalated
975,CALL_000975,AGT_049,1728941780,1728944900,52.0,2,7,completed,follow_up
976,CALL_000976,AGT_036,1729630880,1729631960,18.0,3,7,completed,follow_up
977,CALL_000977,AGT_029,1729495040,1729495760,12.0,3,8,abandoned,follow_up
978,CALL_000978,AGT_016,1728291140,1728292220,18.0,1,1,abandoned,follow_up
979,CALL_000979,AGT_029,1730578760,1730579240,8.0,5,5,abandoned,follow_up
980,CALL_000980,AGT_020,1730401880,1730402900,17.0,5,2,transferred,escalated
981,CALL_000981,AGT_001,1730566040,1730568080,34.0,2,7,transferred,escalated
982,CALL_000982,AGT_028,1728512180,1728513140,16.0,2,5,completed,escalated
983,CALL_000983,AGT_026,1728696020,1728698360,39.0,1,8,abandoned,escalated
984,CALL_000984,AGT_036,1730720900,1730724380,58.0,5,8,completed,follow_up
985,CALL_000985,AGT_025,1728846320,1728849860,59.0,2,7,completed,follow_up
986,CALL_000986,AGT_003,1730829500,1730829860,6.0,1,2,completed,follow_up
987,CALL_000987,AGT_011,1729637660,1729638560,15.0,3,3,completed,resolved
988,CALL_000988,AGT_027,1730352800,1730353040,4.0,5,2,abandoned,escalated
989,CALL_000989,AGT_045,1729451300,1729451900,10.0,5,4,completed,escalated
990,CALL_000990,AGT_038,1729132280,1729132580,5.0,5,1,abandoned,follow_up
991,CALL_000991,AGT_026,1729943720,1729945100,23.0,3,8,abandoned,escalated
992,CALL_000992,AGT_032,1728648980,1728649580,10.0,5,7,transferred,escalated
993,CALL_000993,AGT_014,1730245400,1730248940,59.0,3,7,abandoned,follow_up
994,CALL_000994,AGT_032,1729911080,1729914440,56.0,1,9,transferred,resolved
995,CALL_000995,AGT_016,1730866700,1730867780,18.0,4,7,abandoned,resolved
996,CALL_000996,AGT_040,1729309640,1729310720,18.0,1,3,abandoned,resolved
997,CALL_000997,AGT_016,1729222820,1729224980,36.0,4,2,abandoned,follow_up
998,CALL_000998,AGT_029,1729382240,1729382480,4.0,5,2,transferred,escalated
999,CALL_000999,AGT_043,1729352900,1729353020,2.0,1,8,transferred,follow_up
1000,CALL_001000,AGT_006,1730661980,1730664380,40.0,3,10,completed,follow_up
